{
  "input_dim": 2048,
  "hidden_layers": "512,128",
  "layer_type": "final",
  "config": {
    "learning_rate": 0.001,
    "weight_decay": 0.0001,
    "hidden_layers": [
      512,
      128
    ],
    "dropout": 0.2,
    "batch_size": 32,
    "max_epochs": 200,
    "patience": 20,
    "grad_clip": 1.0
  },
  "metrics": {
    "n_samples": 332,
    "accuracy": 0.6837349397590361,
    "ece": 0.08999222840171262,
    "brier": 0.19932860381266118,
    "precision": 0.6,
    "recall": 0.5196850393700787,
    "f1": 0.5569620253164557,
    "sensitivity": 0.5196850393700787,
    "specificity": 0.7853658536585366,
    "auroc": 0.7638947570578069,
    "aucpr": 0.6433573289311065
  },
  "best_epoch": 65,
  "best_operating_point": {
    "tau": 0.197,
    "sens": 0.8188976377952691,
    "spec": 0.5853658536585338
  },
  "parameter_info": {
    "n_params": 1114881
  }
}