{
  "PTRUE|contextual|auroc": {
    "point": 0.5322199087736954,
    "ci_lo": 0.513753274862285,
    "ci_hi": 0.5483302285280608,
    "se": 0.008716284710083738
  },
  "PTRUE|contextual|ece": {
    "point": 0.4275314169310529,
    "ci_lo": 0.418274355461027,
    "ci_hi": 0.435845409916169,
    "se": 0.005132255348630911
  },
  "PTRUE|contextual|brier": {
    "point": 0.4168027105194671,
    "ci_lo": 0.4101078356189231,
    "ci_hi": 0.4231425821920028,
    "se": 0.0035376980637668964
  },
  "PTRUE|contextual|aucpr": {
    "point": 0.7037373182039147,
    "ci_lo": 0.6898004156109364,
    "ci_hi": 0.7189793753795,
    "se": 0.007084414649977849
  },
  "SAPLMA-F|contextual|auroc": {
    "point": 0.6119062077294293,
    "ci_lo": 0.5960082630010476,
    "ci_hi": 0.6304911716090854,
    "se": 0.009158341136925232
  },
  "SAPLMA-F|contextual|ece": {
    "point": 0.15978311077854582,
    "ci_lo": 0.15129568173128552,
    "ci_hi": 0.17248576703960591,
    "se": 0.005286412665821979
  },
  "SAPLMA-F|contextual|brier": {
    "point": 0.22185990660945681,
    "ci_lo": 0.21665075041605403,
    "ci_hi": 0.2279601315755855,
    "se": 0.0027982299337369967
  },
  "SAPLMA-F|contextual|aucpr": {
    "point": 0.7425118779199857,
    "ci_lo": 0.7302212808684979,
    "ci_hi": 0.7564215417398974,
    "se": 0.006746144062098177
  },
  "PIK|contextual|auroc": {
    "point": 0.7041390116730039,
    "ci_lo": 0.6926996666472076,
    "ci_hi": 0.7123935398451167,
    "se": 0.005952531599713337
  },
  "PIK|contextual|ece": {
    "point": 0.27743816564117046,
    "ci_lo": 0.2699262689205673,
    "ci_hi": 0.2873488602516407,
    "se": 0.004849361393327664
  },
  "PIK|contextual|brier": {
    "point": 0.2697400582713035,
    "ci_lo": 0.26415368592483796,
    "ci_hi": 0.2755729583408394,
    "se": 0.003092562333148124
  },
  "PIK|contextual|aucpr": {
    "point": 0.7799560201998097,
    "ci_lo": 0.7694196565033388,
    "ci_hi": 0.7898166087556003,
    "se": 0.00552905611187427
  },
  "CCPS|contextual|auroc": {
    "point": 0.7519590702486191,
    "ci_lo": 0.7414656546043631,
    "ci_hi": 0.7629249138256088,
    "se": 0.006185831740004588
  },
  "CCPS|contextual|ece": {
    "point": 0.1234573259602195,
    "ci_lo": 0.11764531893004114,
    "ci_hi": 0.1327988897462277,
    "se": 0.004304448119709565
  },
  "CCPS|contextual|brier": {
    "point": 0.17368262020158182,
    "ci_lo": 0.1709588413899164,
    "ci_hi": 0.1768254845492307,
    "se": 0.0017111465185291356
  },
  "CCPS|contextual|aucpr": {
    "point": 0.8150000610870964,
    "ci_lo": 0.8063218140368776,
    "ci_hi": 0.8278709768018999,
    "se": 0.005814307857959618
  },
  "PTRUE|synthesis|auroc": {
    "point": 0.4793890964842772,
    "ci_lo": 0.45918800923181685,
    "ci_hi": 0.4943172479672716,
    "se": 0.009023817645344195
  },
  "PTRUE|synthesis|ece": {
    "point": 0.3597041461894689,
    "ci_lo": 0.3478912000232486,
    "ci_hi": 0.37397096686226106,
    "se": 0.007602883058804697
  },
  "PTRUE|synthesis|brier": {
    "point": 0.38514571932182207,
    "ci_lo": 0.37496070832837447,
    "ci_hi": 0.39553694225705327,
    "se": 0.005468686067537039
  },
  "PTRUE|synthesis|aucpr": {
    "point": 0.5227334161615587,
    "ci_lo": 0.5044387362162144,
    "ci_hi": 0.5468601705073017,
    "se": 0.011131499251493024
  },
  "SAPLMA-F|synthesis|auroc": {
    "point": 0.5784929580347402,
    "ci_lo": 0.5560019988152346,
    "ci_hi": 0.5944116022734786,
    "se": 0.010259760174402022
  },
  "SAPLMA-F|synthesis|ece": {
    "point": 0.17673575356605148,
    "ci_lo": 0.1645021489718501,
    "ci_hi": 0.1991295623663301,
    "se": 0.008555909799206401
  },
  "SAPLMA-F|synthesis|brier": {
    "point": 0.26636980576720226,
    "ci_lo": 0.2595549712880596,
    "ci_hi": 0.27558536202756,
    "se": 0.004594380656666679
  },
  "SAPLMA-F|synthesis|aucpr": {
    "point": 0.5843671221887747,
    "ci_lo": 0.5639071502087436,
    "ci_hi": 0.6056216551439406,
    "se": 0.01070006828162469
  },
  "PIK|synthesis|auroc": {
    "point": 0.6642920601607415,
    "ci_lo": 0.6505143760519342,
    "ci_hi": 0.677468583390809,
    "se": 0.008689405215177318
  },
  "PIK|synthesis|ece": {
    "point": 0.29480607848455354,
    "ci_lo": 0.28342557400380236,
    "ci_hi": 0.3106606959092351,
    "se": 0.006651579234563722
  },
  "PIK|synthesis|brier": {
    "point": 0.3178283793213936,
    "ci_lo": 0.3098657260425737,
    "ci_hi": 0.3270313118165591,
    "se": 0.004362710080609918
  },
  "PIK|synthesis|aucpr": {
    "point": 0.6667761533420541,
    "ci_lo": 0.6522241638309241,
    "ci_hi": 0.6853444288037475,
    "se": 0.008502993219905164
  },
  "CCPS|synthesis|auroc": {
    "point": 0.6995413529700021,
    "ci_lo": 0.6817195814734567,
    "ci_hi": 0.7149790870118194,
    "se": 0.008037038994069339
  },
  "CCPS|synthesis|ece": {
    "point": 0.10368665125981677,
    "ci_lo": 0.09364417590395943,
    "ci_hi": 0.1215333053828534,
    "se": 0.007512581704124519
  },
  "CCPS|synthesis|brier": {
    "point": 0.21151257235342294,
    "ci_lo": 0.20751178732717224,
    "ci_hi": 0.2160673791763046,
    "se": 0.002392615572128369
  },
  "CCPS|synthesis|aucpr": {
    "point": 0.6948240196752545,
    "ci_lo": 0.6783271700606858,
    "ci_hi": 0.7137905236223356,
    "se": 0.008619918363502023
  },
  "PTRUE|clinical_inference|auroc": {
    "point": 0.5236160479134764,
    "ci_lo": 0.4964341666344677,
    "ci_hi": 0.5505844743515287,
    "se": 0.015908096655516096
  },
  "PTRUE|clinical_inference|ece": {
    "point": 0.48819045995314925,
    "ci_lo": 0.4799165079720358,
    "ci_hi": 0.5036589355019755,
    "se": 0.006583214617964711
  },
  "PTRUE|clinical_inference|brier": {
    "point": 0.44916108192251664,
    "ci_lo": 0.4416485747381519,
    "ci_hi": 0.45850348966028653,
    "se": 0.0049158896275643795
  },
  "PTRUE|clinical_inference|aucpr": {
    "point": 0.7466759120187012,
    "ci_lo": 0.7312899657106122,
    "ci_hi": 0.7665550858743309,
    "se": 0.009833539652847827
  },
  "SAPLMA-F|clinical_inference|auroc": {
    "point": 0.5958472703262255,
    "ci_lo": 0.5689689560663497,
    "ci_hi": 0.6145792686891584,
    "se": 0.013656642710250496
  },
  "SAPLMA-F|clinical_inference|ece": {
    "point": 0.15640141541378733,
    "ci_lo": 0.14786933072263245,
    "ci_hi": 0.17267795360927907,
    "se": 0.006768290136965021
  },
  "SAPLMA-F|clinical_inference|brier": {
    "point": 0.1947098448208789,
    "ci_lo": 0.1884597858183813,
    "ci_hi": 0.20247494594976834,
    "se": 0.0033691387133886245
  },
  "SAPLMA-F|clinical_inference|aucpr": {
    "point": 0.7906066828224343,
    "ci_lo": 0.769033350339954,
    "ci_hi": 0.8136816535782758,
    "se": 0.0103794227960428
  },
  "PIK|clinical_inference|auroc": {
    "point": 0.7213382917300566,
    "ci_lo": 0.7030705700513467,
    "ci_hi": 0.7371520024349676,
    "se": 0.01023716507022668
  },
  "PIK|clinical_inference|ece": {
    "point": 0.2781727763468166,
    "ci_lo": 0.26618343990196613,
    "ci_hi": 0.2928204460734988,
    "se": 0.006814802445972732
  },
  "PIK|clinical_inference|brier": {
    "point": 0.25747721883936375,
    "ci_lo": 0.2475121250624244,
    "ci_hi": 0.267772789997699,
    "se": 0.0051966665284618515
  },
  "PIK|clinical_inference|aucpr": {
    "point": 0.8244538758663703,
    "ci_lo": 0.8083510514676188,
    "ci_hi": 0.8390404781579077,
    "se": 0.007835824580344713
  },
  "CCPS|clinical_inference|auroc": {
    "point": 0.7912990296765091,
    "ci_lo": 0.770506753562151,
    "ci_hi": 0.8143864532084102,
    "se": 0.011011514511280372
  },
  "CCPS|clinical_inference|ece": {
    "point": 0.18643758935866014,
    "ci_lo": 0.17554708243974676,
    "ci_hi": 0.20041756025326796,
    "se": 0.006303454505655716
  },
  "CCPS|clinical_inference|brier": {
    "point": 0.16962997056300344,
    "ci_lo": 0.16549175567097132,
    "ci_hi": 0.17295211405535926,
    "se": 0.0021263645359830326
  },
  "CCPS|clinical_inference|aucpr": {
    "point": 0.8627294731977768,
    "ci_lo": 0.8471923042492469,
    "ci_hi": 0.8777531478367198,