{
  "PTRUE|contextual|Qwen2.5-1.5B-Instruct": {
    "cv_yield_mean": 0.2061855670103093,
    "cv_yield_std": 0.6185567010309279,
    "cv_accuracy_mean": 0.06666666666666667,
    "cv_accuracy_std": 0.19999999999999998,
    "cv_meets_rate": 0.0,
    "cv_tau_mean": 0.93,
    "cv_tau_std": 0.0,
    "n_folds_evaluated": 10,
    "cv_yield_ci_lo": 0.0,
    "cv_yield_ci_hi": 1.5979381443298974
  },
  "PTRUE|contextual|Llama-3.2-3B-Instruct": {
    "cv_yield_mean": 1.099656357388316,
    "cv_yield_std": 2.2046755920749743,
    "cv_accuracy_mean": 0.1623529411764706,
    "cv_accuracy_std": 0.3247485053014128,
    "cv_meets_rate": 0.0,
    "cv_tau_mean": 0.05,
    "cv_tau_std": 0.0,
    "n_folds_evaluated": 10,
    "cv_yield_ci_lo": 0.0,
    "cv_yield_ci_hi": 5.687285223367698
  },
  "PTRUE|contextual|Qwen2.5-3B-Instruct": {
    "cv_yield_mean": 0.5131142175884801,
    "cv_yield_std": 1.0957877101019429,
    "cv_accuracy_mean": 0.13999999999999999,
    "cv_accuracy_std": 0.2835489375751565,
    "cv_meets_rate": 0.0,
    "cv_tau_mean": 0.92,
    "cv_tau_std": 0.010000000000000009,
    "n_folds_evaluated": 10,
    "cv_yield_ci_lo": 0.0,
    "cv_yield_ci_hi": 3.038068633409697
  },
  "SAPLMA-F|contextual|Qwen2.5-1.5B-Instruct": {
    "cv_yield_mean": 0.0,
    "cv_yield_std": 0.0,
    "cv_accuracy_mean": 0.0,
    "cv_accuracy_std": 0.0,
    "cv_meets_rate": 0.0,
    "cv_tau_mean": null,
    "cv_tau_std": null,
    "n_folds_evaluated": 10,
    "cv_yield_ci_lo": 0.0,
    "cv_yield_ci_hi": 0.0
  },
  "SAPLMA-F|contextual|Llama-3.2-3B-Instruct": {
    "cv_yield_mean": 0.0,
    "cv_yield_std": 0.0,
    "cv_accuracy_mean": 0.0,
    "cv_accuracy_std": 0.0,
    "cv_meets_rate": 0.0,
    "cv_tau_mean": null,
    "cv_tau_std": null,
    "n_folds_evaluated": 10,
    "cv_yield_ci_lo": 0.0,
    "cv_yield_ci_hi": 0.0
  },
  "SAPLMA-F|contextual|Qwen2.5-3B-Instruct": {
    "cv_yield_mean": 15.411309551638691,
    "cv_yield_std": 23.586798643078318,
    "cv_accuracy_mean": 0.2781317063255717,
    "cv_accuracy_std": 0.4248641334148069,
    "cv_meets_rate": 0.0,
    "cv_tau_mean": 0.6166666666666667,
    "cv_tau_std": 0.004714045207910321,
    "n_folds_evaluated": 10,
    "cv_yield_ci_lo": 0.0,
    "cv_yield_ci_hi": 53.94276847912478
  },
  "PIK|contextual|Qwen2.5-1.5B-Instruct": {
    "cv_yield_mean": 42.350421315256796,
    "cv_yield_std": 2.376702535405626,
    "cv_accuracy_mean": 0.9492917622689945,
    "cv_accuracy_std": 0.016476550808913904,
    "cv_meets_rate": 0.6,
    "cv_tau_mean": 0.273,
    "cv_tau_std": 0.011874342087037927,
    "n_folds_evaluated": 10,
    "cv_yield_ci_lo": 39.29918090665161,
    "cv_yield_ci_hi": 46.72089041095891
  },
  "PIK|contextual|Llama-3.2-3B-Instruct": {
    "cv_yield_mean": 40.87970154874546,
    "cv_yield_std": 3.4410722532867104,
    "cv_accuracy_mean": 0.9492413971535184,
    "cv_accuracy_std": 0.017742909311037027,
    "cv_meets_rate": 0.5,
    "cv_tau_mean": 0.8859999999999999,
    "cv_tau_std": 0.016248076809271934,
    "n_folds_evaluated": 10,
    "cv_yield_ci_lo": 34.10579367321,
    "cv_yield_ci_hi": 45.89367674057337
  },
  "PIK|contextual|Qwen2.5-3B-Instruct": {
    "cv_yield_mean": 81.37732100146539,
    "cv_yield_std": 3.136999439211363,
    "cv_accuracy_mean": 0.9522641218829329,
    "cv_accuracy_std": 0.011474569448206205,
    "cv_meets_rate": 0.6,
    "cv_tau_mean": 0.34900000000000003,
    "cv_tau_std": 0.006999999999999989,
    "n_folds_evaluated": 10,
    "cv_yield_ci_lo": 76.73819022736902,
    "cv_yield_ci_hi": 85.98518700960557
  },
  "CCPS|contextual|Qwen2.5-1.5B-Instruct": {
    "cv_yield_mean": 37.82316527797393,
    "cv_yield_std": 2.949018543513215,
    "cv_accuracy_mean": 0.9541714627818342,
    "cv_accuracy_std": 0.01654339979555545,
    "cv_meets_rate": 0.6,
    "cv_tau_mean": 0.7219999999999999,
    "cv_tau_std": 0.0040000000000000036,
    "n_folds_evaluated": 10,
    "cv_yield_ci_lo": 33.41065292096219,
    "cv_yield_ci_hi": 42.75358353339924
  },
  "CCPS|contextual|Llama-3.2-3B-Instruct": {
    "cv_yield_mean": 62.858235654097825,
    "cv_yield_std": 3.571955646772735,
    "cv_accuracy_mean": 0.9541175549920992,
    "cv_accuracy_std": 0.01265467073307234,
    "cv_meets_rate": 0.6,
    "cv_tau_mean": 0.7060000000000001,
    "cv_tau_std": 0.004898979485566306,
    "n_folds_evaluated": 10,
    "cv_yield_ci_lo": 58.26419291060585,
    "cv_yield_ci_hi": 69.06651602880949
  },
  "CCPS|contextual|Qwen2.5-3B-Instruct": {
    "cv_yield_mean": 77.78233191130296,
    "cv_yield_std": 2.237806089991305,
    "cv_accuracy_mean": 0.9559998238907639,
    "cv_accuracy_std": 0.0054802295582771655,
    "cv_meets_rate": 0.9,
    "cv_tau_mean": 0.62,
    "cv_tau_std": 0.0,
    "n_folds_evaluated": 10,
    "cv_yield_ci_lo": 74.80162116040955,
    "cv_yield_ci_hi": 81.5893470790378
  },
  "PTRUE|synthesis|Qwen2.5-1.5B-Instruct": {
    "cv_yield_mean": 0.0,
    "cv_yield_std": 0.0,
    "cv_accuracy_mean": 0.0,
    "cv_accuracy_std": 0.0,
    "cv_meets_rate": 0.0,
    "cv_tau_mean": null,
    "cv_tau_std": null,
    "n_folds_evaluated": 10,
    "cv_yield_ci_lo": 0.0,
    "cv_yield_ci_hi": 0.0
  },
  "PTRUE|synthesis|Llama-3.2-3B-Instruct": {
    "cv_yield_mean": 0.0,
    "cv_yield_std": 0.0,
    "cv_accuracy_mean": 0.0,
    "cv_accuracy_std": 0.0,
    "cv_meets_rate": 0.0,
    "cv_tau_mean": null,
    "cv_tau_std": null,
    "n_folds_evaluated": 10,
    "cv_yield_ci_lo": 0.0,
    "cv_yield_ci_hi": 0.0
  },
  "PTRUE|synthesis|Qwen2.5-3B-Instruct": {
    "cv_yield_mean": 0.0,
    "cv_yield_std": 0.0,
    "cv_accuracy_mean": 0.0,
    "cv_accuracy_std": 0.0,
    "cv_meets_rate": 0.0,
    "cv_tau_mean": null,
    "cv_tau_std": null,
    "n_folds_evaluated": 10,
    "cv_yield_ci_lo": 0.0,
    "cv_yield_ci_hi": 0.0
  },
  "SAPLMA-F|synthesis|Qwen2.5-1.5B-Instruct": {
    "cv_yield_mean": 0.0,
    "cv_yield_std": 0.0,
    "cv_accuracy_mean": 0.0,
    "cv_accuracy_std": 0.0,
    "cv_meets_rate": 0.0,
    "cv_tau_mean": null,
    "cv_tau_std": null,
    "n_folds_evaluated": 10,
    "cv_yield_ci_lo": 0.0,
    "cv_yield_ci_hi": 0.0
  },
  "SAPLMA-F|synthesis|Llama-3.2-3B-Instruct": {
    "cv_yield_mean": 0.0,
    "cv_yield_std": 0.0,
    "cv_accuracy_mean": 0.0,
    "cv_accuracy_std": 0.0,
    "cv_meets_rate": 0.0,
    "cv_tau_mean": null,
    "cv_tau_std": null,
    "n_folds_evaluated": 10,
    "cv_yield_ci_lo": 0.0,
    "cv_yield_ci_hi": 0.0
  },
  "SAPLMA-F|synthesis|Qwen2.5-3B-Instruct": {
    "cv_yield_mean": 0.0,
    "cv_yield_std": 0.0,
    "cv_accuracy_mean": 0.0,
    "cv_accuracy_std": 0.0,
    "cv_meets_rate": 0.0,
    "cv_tau_mean": null,
    "cv_tau_std": null,
    "n_folds_evaluated": 10,
    "cv_yield_ci_lo": 0.0,
    "cv_yield_ci_hi": 0.0
  },
  "PIK|synthesis|Qwen2.5-1.5B-Instruct": {
    "cv_yield_mean": 8.631482896188777,
    "cv_yield_std": 5.555143557193687,
    "cv_accuracy_mean": 0.9555292076344708,
    "cv_accuracy_std": 0.04742315052805688,
    "cv_meets_rate": 0.5,
    "cv_tau_mean": 0.724,
    "cv_tau_std": 0.20426453436659045,
    "n_folds_evaluated": 10,
    "cv_yield_ci_lo": 3.27281131750946,
    "cv_yield_ci_hi": 18.00653594771242
  },
  "PIK|synthesis|Llama-3.2-3B-Instruct": {
    "cv_yield_mean": 14.593653250773993,
    "cv_yield_std": 2.3403259118643036,
    "cv_accuracy_mean": 0.952650162852209,
    "cv_accuracy_std": 0.02806237635422525,
    "cv_meets_rate": 0.5,
    "cv_tau_mean": 0.95,
    "cv_tau_std": 0.006324555320336729,
    "n_folds_evaluated": 10,
    "cv_yield_ci_lo": 11.127558479532164,
    "cv_yield_ci_hi": 17.080108359133128
  },
  "PIK|synthesis|Qwen2.5-3B-Instruct": {
    "cv_yield_mean": 41.36163715885078,
    "cv_yield_std": 5.170639009845983,
    "cv_accuracy_mean": 0.9502725652674355,
    "cv_accuracy_std": 0.028154227252753503,
    "cv_meets_rate": 0.6,
    "cv_tau_mean": 0.485,
    "cv_tau_std": 0.0393064880140671,
    "n_folds_evaluated": 10,
    "cv_yield_ci_lo": 32.58394565960356,
    "cv_yield_ci_hi": 50.42666408668731
  },