{
  "input_dim": 2048,
  "hidden_layers": "512,128",
  "config": {
    "learning_rate": 0.001,
    "weight_decay": 0.0001,
    "hidden_layers": [
      512,
      128
    ],
    "dropout": 0.2,
    "batch_size": 32,
    "max_epochs": 200,
    "patience": 20,
    "grad_clip": 1.0
  },
  "metrics": {
    "n_samples": 332,
    "accuracy": 0.6837349397590361,
    "ece": 0.20550893318940355,
    "brier": 0.24468073756362146,
    "precision": 0.6057692307692307,
    "recall": 0.49606299212598426,
    "f1": 0.5454545454545454,
    "sensitivity": 0.49606299212598426,
    "specificity": 0.8,
    "auroc": 0.720568465527175,
    "aucpr": 0.5651442784252277
  },
  "best_epoch": 44,
  "best_operating_point": {
    "tau": 0.241,
    "sens": 0.6614173228346405,
    "spec": 0.6975609756097527
  },
  "parameter_info": {
    "n_params": 1114881
  }
}