{
  "input_dim": 896,
  "hidden_layers": "512,128",
  "layer_type": "upper_middle",
  "config": {
    "learning_rate": 0.001,
    "weight_decay": 0.0001,
    "hidden_layers": [
      512,
      128
    ],
    "dropout": 0.2,
    "batch_size": 32,
    "max_epochs": 200,
    "patience": 20,
    "grad_clip": 1.0
  },
  "metrics": {
    "n_samples": 332,
    "accuracy": 0.6506024096385542,
    "ece": 0.06956551466361587,
    "brier": 0.2216801091666064,
    "precision": 0.6,
    "recall": 0.28125,
    "f1": 0.3829787234042553,
    "sensitivity": 0.28125,
    "specificity": 0.8823529411764706,
    "auroc": 0.683861825980392,
    "aucpr": 0.5594567601894788
  },
  "best_epoch": 58,
  "best_operating_point": {
    "tau": 0.417,
    "sens": 0.6171874999999952,
    "spec": 0.7107843137254868
  },
  "parameter_info": {
    "n_params": 525057
  }
}