{
  "trial_number": 87,
  "config": {
    "learning_rate": 0.0001006014986548473,
    "weight_decay": 1.8682164210764637e-05,
    "hidden_layers": "512,256",
    "dropout": 0.4
  },
  "val_metrics": {
    "n_samples": 332,
    "accuracy": 0.7289156626506024,
    "ece": 0.03316110412938049,
    "brier": 0.18052716671864305,
    "precision": 0.784037558685446,
    "recall": 0.7914691943127962,
    "f1": 0.7877358490566038,
    "sensitivity": 0.7914691943127962,
    "specificity": 0.6198347107438017,
    "auroc": 0.7831263953625005,
    "aucpr": 0.8646079418630482
  },
  "val_score": 0.8566113955657482,
  "training_history": {
    "train_loss": [
      0.4878298867530363,
      0.4510291670171857,
      0.43777125341692813,
      0.41682642721869306,
      0.4215984842834746,
      0.42136792655537336,
      0.4079080308480827,
      0.4101118837745008,
      0.40359798403907376,
      0.4016279104785445,
      0.3950197771247743,
      0.3886941590071982,
      0.38927516159296216,
      0.3923719288400896,
      0.3831801133534921,
      0.38465062289105023,
      0.3816369685267899,
      0.3741191787969464,
      0.36953557927804326,
      0.37209180594838104,
      0.37002325870978175,
      0.3757227035105992,
      0.37584607257102787,
      0.36403625374821313,
      0.35712656275437304,
      0.3540700529424787
    ],
    "val_loss": [
      0.4287099148853716,
      0.41655041259455394,
      0.41419442231396597,
      0.418426493564284,
      0.43062503222959586,
      0.42111703789377786,
      0.4143423631966832,
      0.41557878184031294,
      0.4391378868057067,
      0.41672536479421407,
      0.42724134620413723,
      0.4193720961191568,
      0.43215617286153585,
      0.42729020046900557,
      0.42113879071660787,
      0.4294369622885463,
      0.4333035633506545,
      0.4310537005763456,
      0.43257733030491563,
      0.44088795170726547,
      0.44709018770470677,
      0.46115790289568614,
      0.4552368988473731,
      0.44204710513712414,
      0.4515084534524435,
      0.45109257353357524
    ],
    "val_metrics": [
      {
        "n_samples": 332,
        "accuracy": 0.6656626506024096,
        "ece": 0.16104162493384025,
        "brier": 0.21013627264154963,
        "precision": 0.8205128205128205,
        "recall": 0.6066350710900474,
        "f1": 0.6975476839237057,
        "sensitivity": 0.6066350710900474,
        "specificity": 0.768595041322314,
        "auroc": 0.7740394030786103,
        "aucpr": 0.8523224258293414,
        "loss": 0.4287099148853716
      },
      {
        "n_samples": 332,
        "accuracy": 0.677710843373494,
        "ece": 0.10364909510476042,
        "brier": 0.19206966922607227,
        "precision": 0.7795698924731183,
        "recall": 0.6872037914691943,
        "f1": 0.7304785894206549,
        "sensitivity": 0.6872037914691943,
        "specificity": 0.6611570247933884,
        "auroc": 0.7755277897457993,
        "aucpr": 0.8513667476697226,
        "loss": 0.41655041259455394
      },
      {
        "n_samples": 332,
        "accuracy": 0.677710843373494,
        "ece": 0.1452333416834653,
        "brier": 0.2026383563965918,
        "precision": 0.8209876543209876,
        "recall": 0.6303317535545023,
        "f1": 0.7131367292225201,
        "sensitivity": 0.6303317535545023,
        "specificity": 0.7603305785123967,
        "auroc": 0.7812659120285144,
        "aucpr": 0.8637094741108954,
        "loss": 0.41419442231396597
      },
      {
        "n_samples": 332,
        "accuracy": 0.7108433734939759,
        "ece": 0.05503863931061274,
        "brier": 0.18404952136530395,
        "precision": 0.7777777777777778,
        "recall": 0.7630331753554502,
        "f1": 0.7703349282296651,
        "sensitivity": 0.7630331753554502,
        "specificity": 0.6198347107438017,
        "auroc": 0.7812854960636089,
        "aucpr": 0.8632512389110019,
        "loss": 0.418426493564284
      },
      {
        "n_samples": 332,
        "accuracy": 0.7228915662650602,
        "ece": 0.04379824032805052,
        "brier": 0.1800806999980775,
        "precision": 0.7668161434977578,
        "recall": 0.8104265402843602,
        "f1": 0.7880184331797235,
        "sensitivity": 0.8104265402843602,
        "specificity": 0.5702479338842975,
        "auroc": 0.7797187732560417,
        "aucpr": 0.8593419822373862,
        "loss": 0.43062503222959586
      },
      {
        "n_samples": 332,
        "accuracy": 0.7289156626506024,
        "ece": 0.03312959804771894,
        "brier": 0.18052881926926503,
        "precision": 0.784037558685446,
        "recall": 0.7914691943127962,
        "f1": 0.7877358490566038,
        "sensitivity": 0.7914691943127962,
        "specificity": 0.6198347107438017,
        "auroc": 0.7830872272923113,
        "aucpr": 0.8645479490419158,
        "loss": 0.42111703789377786
      },
      {
        "n_samples": 332,
        "accuracy": 0.7048192771084337,
        "ece": 0.09199432211827084,
        "brier": 0.19217330783448486,
        "precision": 0.8087431693989071,
        "recall": 0.7014218009478673,
        "f1": 0.751269035532995,
        "sensitivity": 0.7014218009478673,
        "specificity": 0.7107438016528925,
        "auroc": 0.7794054286945284,
        "aucpr": 0.8611967627759175,
        "loss": 0.4143423631966832
      },
      {
        "n_samples": 332,
        "accuracy": 0.6867469879518072,
        "ece": 0.12647404768560305,
        "brier": 0.20063928628048625,
        "precision": 0.8128654970760234,
        "recall": 0.6587677725118484,
        "f1": 0.7277486910994765,
        "sensitivity": 0.6587677725118484,
        "specificity": 0.7355371900826446,
        "auroc": 0.7785828992205556,
        "aucpr": 0.8600887379612842,
        "loss": 0.41557878184031294
      },
      {
        "n_samples": 332,
        "accuracy": 0.7319277108433735,
        "ece": 0.06700465128005269,
        "brier": 0.1816568780488458,
        "precision": 0.7824074074074074,
        "recall": 0.8009478672985783,
        "f1": 0.7915690866510539,
        "sensitivity": 0.8009478672985783,
        "specificity": 0.6115702479338843,
        "auroc": 0.7793270925541498,
        "aucpr": 0.852908945002149,
        "loss": 0.4391378868057067
      },
      {
        "n_samples": 332,
        "accuracy": 0.6927710843373494,
        "ece": 0.10756342570824795,
        "brier": 0.19406030709709388,
        "precision": 0.807909604519774,
        "recall": 0.6777251184834123,
        "f1": 0.7371134020618557,
        "sensitivity": 0.6777251184834123,
        "specificity": 0.71900826446281,
        "auroc": 0.7754886216756101,
        "aucpr": 0.8536584983859736,
        "loss": 0.41672536479421407
      },
      {
        "n_samples": 332,
        "accuracy": 0.7048192771084337,
        "ece": 0.0995630569845797,
        "brier": 0.19474664027522126,
        "precision": 0.798941798941799,
        "recall": 0.7156398104265402,
        "f1": 0.755,
        "sensitivity": 0.7156398104265402,
        "specificity": 0.6859504132231405,
        "auroc": 0.7752340292193803,
        "aucpr": 0.8561047010790839,
        "loss": 0.42724134620413723
      },
      {
        "n_samples": 332,
        "accuracy": 0.6837349397590361,
        "ece": 0.12600633560354452,
        "brier": 0.2027822754861989,
        "precision": 0.8192771084337349,
        "recall": 0.6445497630331753,
        "f1": 0.7214854111405835,
        "sensitivity": 0.6445497630331753,
        "specificity": 0.7520661157024794,
        "auroc": 0.7736477223767184,
        "aucpr": 0.8555538415110551,
        "loss": 0.4193720961191568
      },
      {
        "n_samples": 332,
        "accuracy": 0.7259036144578314,
        "ece": 0.07248881041824098,
        "brier": 0.18610393325517693,
        "precision": 0.7970297029702971,
        "recall": 0.7630331753554502,
        "f1": 0.7796610169491526,
        "sensitivity": 0.7630331753554502,
        "specificity": 0.6611570247933884,