{
  "input_dim": 3072,
  "hidden_layers": "512,128",
  "config": {
    "learning_rate": 0.001,
    "weight_decay": 0.0001,
    "hidden_layers": [
      512,
      128
    ],
    "dropout": 0.2,
    "batch_size": 32,
    "max_epochs": 200,
    "patience": 20,
    "grad_clip": 1.0
  },
  "metrics": {
    "n_samples": 332,
    "accuracy": 0.7289156626506024,
    "ece": 0.1078212178166372,
    "brier": 0.19411432925001917,
    "precision": 0.7844036697247706,
    "recall": 0.7990654205607477,
    "f1": 0.7916666666666666,
    "sensitivity": 0.7990654205607477,
    "specificity": 0.6016949152542372,
    "auroc": 0.7718200538571202,
    "aucpr": 0.861620407312202
  },
  "best_epoch": 27,
  "best_operating_point": {
    "tau": 0.51,
    "sens": 0.7990654205607439,
    "spec": 0.6101694915254186
  },
  "parameter_info": {
    "n_params": 1639169
  }
}