{
  "trial_number": 92,
  "config": {
    "learning_rate": 0.00023957015083030876,
    "weight_decay": 1.683319333144272e-05,
    "hidden_layers": "128",
    "dropout": 0.25
  },
  "val_metrics": {
    "n_samples": 332,
    "accuracy": 0.7259036144578314,
    "ece": 0.04570910689162921,
    "brier": 0.17412926089129357,
    "precision": 0.7914691943127962,
    "recall": 0.780373831775701,
    "f1": 0.7858823529411765,
    "sensitivity": 0.780373831775701,
    "specificity": 0.6271186440677966,
    "auroc": 0.7982734040868051,
    "aucpr": 0.8769598862881176
  },
  "val_score": 0.8606803996954314,
  "training_history": {
    "train_loss": [
      0.4754329280423866,
      0.440855465621632,
      0.4112558347799765,
      0.4130543214581295,
      0.40349497373785037,
      0.4109491969107144,
      0.4046465381923796,
      0.38577430115306655,
      0.3865390509569115,
      0.38502130923005273,
      0.37876293231601904,
      0.3892745812898663,
      0.37374364202329785,
      0.36576279126438954,
      0.3626310116560188,
      0.3589442313705608,
      0.3466812917048893,
      0.35344102538521344,
      0.3473439591220203,
      0.34841524595682477,
      0.34003805819991484,
      0.3397379542259498,
      0.3356430088790988,
      0.34009934937091546
    ],
    "val_loss": [
      0.4105618545807988,
      0.3960488133401756,
      0.42193955183029175,
      0.3922097769128271,
      0.3922789270978376,
      0.3961225952728685,
      0.4099619223410825,
      0.39373251185359726,
      0.4295335566423025,
      0.3946084250886756,
      0.40579328910414,
      0.3932470302265811,
      0.4032354196870183,
      0.3955221133059766,
      0.42112064110227376,
      0.4004063211291669,
      0.40972038780350284,
      0.4023545607026801,
      0.40692568202334717,
      0.4089549198208085,
      0.41544844515352364,
      0.411379836409925,
      0.4180472112563719,
      0.41813813060163013
    ],
    "val_metrics": [
      {
        "n_samples": 332,
        "accuracy": 0.6566265060240963,
        "ece": 0.1793411393391799,
        "brier": 0.21112672635073582,
        "precision": 0.852112676056338,
        "recall": 0.5654205607476636,
        "f1": 0.6797752808988764,
        "sensitivity": 0.5654205607476636,
        "specificity": 0.8220338983050848,
        "auroc": 0.791699667353081,
        "aucpr": 0.870895936967779,
        "loss": 0.4105618545807988
      },
      {
        "n_samples": 332,
        "accuracy": 0.6957831325301205,
        "ece": 0.11772027602755879,
        "brier": 0.1894047776102481,
        "precision": 0.8304093567251462,
        "recall": 0.6635514018691588,
        "f1": 0.7376623376623377,
        "sensitivity": 0.6635514018691588,
        "specificity": 0.7542372881355932,
        "auroc": 0.787541580864882,
        "aucpr": 0.8623400916502857,
        "loss": 0.3960488133401756
      },
      {
        "n_samples": 332,
        "accuracy": 0.6385542168674698,
        "ece": 0.23765287651534536,
        "brier": 0.2358935941150973,
        "precision": 0.9122807017543859,
        "recall": 0.48598130841121495,
        "f1": 0.6341463414634146,
        "sensitivity": 0.48598130841121495,
        "specificity": 0.9152542372881356,
        "auroc": 0.7916006652938381,
        "aucpr": 0.8691315583747654,
        "loss": 0.42193955183029175
      },
      {
        "n_samples": 332,
        "accuracy": 0.7259036144578314,
        "ece": 0.045775823429765466,
        "brier": 0.17413680948855648,
        "precision": 0.7914691943127962,
        "recall": 0.780373831775701,
        "f1": 0.7858823529411765,
        "sensitivity": 0.780373831775701,
        "specificity": 0.6271186440677966,
        "auroc": 0.7982140028512592,
        "aucpr": 0.8768913544843718,
        "loss": 0.3922097769128271
      },
      {
        "n_samples": 332,
        "accuracy": 0.7078313253012049,
        "ece": 0.09654218326491046,
        "brier": 0.18593231578643646,
        "precision": 0.8342857142857143,
        "recall": 0.6822429906542056,
        "f1": 0.7506426735218509,
        "sensitivity": 0.6822429906542056,
        "specificity": 0.7542372881355932,
        "auroc": 0.7926698875336606,
        "aucpr": 0.8654242301389266,
        "loss": 0.3922789270978376
      },
      {
        "n_samples": 332,
        "accuracy": 0.6867469879518072,
        "ece": 0.14777531420969103,
        "brier": 0.19830765049478197,
        "precision": 0.8618421052631579,
        "recall": 0.6121495327102804,
        "f1": 0.7158469945355191,
        "sensitivity": 0.6121495327102804,
        "specificity": 0.8220338983050848,
        "auroc": 0.7921352764137494,
        "aucpr": 0.8723348848080893,
        "loss": 0.3961225952728685
      },
      {
        "n_samples": 332,
        "accuracy": 0.6385542168674698,
        "ece": 0.21914746500102872,
        "brier": 0.22506528552228877,
        "precision": 0.8852459016393442,
        "recall": 0.5046728971962616,
        "f1": 0.6428571428571429,
        "sensitivity": 0.5046728971962616,
        "specificity": 0.8813559322033898,
        "auroc": 0.7962537620782513,
        "aucpr": 0.8753379743088822,
        "loss": 0.4099619223410825
      },
      {
        "n_samples": 332,
        "accuracy": 0.6897590361445783,
        "ece": 0.1592136984129986,
        "brier": 0.20169041680273073,
        "precision": 0.8827586206896552,
        "recall": 0.5981308411214953,
        "f1": 0.713091922005571,
        "sensitivity": 0.5981308411214953,
        "specificity": 0.8559322033898306,
        "auroc": 0.7939767147156662,
        "aucpr": 0.8733345229280063,
        "loss": 0.39373251185359726
      },
      {
        "n_samples": 332,
        "accuracy": 0.5963855421686747,
        "ece": 0.2540126914180905,
        "brier": 0.24491291575343138,
        "precision": 0.9166666666666666,
        "recall": 0.411214953271028,
        "f1": 0.567741935483871,
        "sensitivity": 0.411214953271028,
        "specificity": 0.9322033898305084,
        "auroc": 0.7899374306985585,
        "aucpr": 0.8713464168287656,
        "loss": 0.4295335566423025
      },
      {
        "n_samples": 332,
        "accuracy": 0.7048192771084337,
        "ece": 0.11891018895499678,
        "brier": 0.19064237267839307,
        "precision": 0.8625,
        "recall": 0.6448598130841121,
        "f1": 0.7379679144385026,
        "sensitivity": 0.6448598130841121,
        "specificity": 0.8135593220338984,
        "auroc": 0.7892048154601616,
        "aucpr": 0.8695569709188222,
        "loss": 0.3946084250886756
      },
      {
        "n_samples": 332,
        "accuracy": 0.6355421686746988,
        "ece": 0.19823465164167334,
        "brier": 0.21867440104057118,
        "precision": 0.8604651162790697,
        "recall": 0.5186915887850467,
        "f1": 0.6472303206997084,
        "sensitivity": 0.5186915887850467,
        "specificity": 0.847457627118644,
        "auroc": 0.7929668937113893,
        "aucpr": 0.873682356251901,
        "loss": 0.40579328910414
      },
      {
        "n_samples": 332,
        "accuracy": 0.7048192771084337,
        "ece": 0.0785632871809494,
        "brier": 0.18144346097828218,
        "precision": 0.8186813186813187,
        "recall": 0.6962616822429907,
        "f1": 0.7525252525252525,
        "sensitivity": 0.6962616822429907,
        "specificity": 0.7203389830508474,
        "auroc": 0.7959765563123714,
        "aucpr": 0.8716444505282845,
        "loss": 0.3932470302265811
      },
      {
        "n_samples": 332,
        "accuracy": 0.6656626506024096,
        "ece": 0.17326207508344252,
        "brier": 0.2100604733957836,
        "precision": 0.8652482269503546,
        "recall": 0.5700934579439252,
        "f1": 0.6873239436619718,
        "sensitivity": 0.5700934579439252,
        "specificity": 0.8389830508474576,
        "auroc": 0.7880761919847934,
        "aucpr": 0.8650355108239643,